01-U1-B1,01-U1-B2,01-U1-B3,01-U1-B1,01-U1-B2,01-U1-B3,01-U1-B1,01-U1-B2,01-U1-B3,01-U1-B1,01-U1-B2,01-U1-B3,01-U1-B1,01-U1-B2,01-U1-B3
02-U1-B1,02-U1-B2,02-U1-B3,02-U1-B1,02-U1-B2,02-U1-B3,02-U1-B1,02-U1-B2,02-U1-B3,02-U1-B1,02-U1-B2,02-U1-B3,02-U1-B1,02-U1-B2,02-U1-B3
03-U1-B1,03-U1-B2,03-U1-B3,03-U1-B1,03-U1-B2,03-U1-B3,03-U1-B1,03-U1-B2,03-U1-B3,03-U1-B1,03-U1-B2,03-U1-B3,03-U1-B1,03-U1-B2,03-U1-B3
04-U1-B1,04-U1-B2,04-U1-B3,04-U1-B1,04-U1-B2,04-U1-B3,04-U1-B1,04-U1-B2,04-U1-B3,04-U1-B1,04-U1-B2,04-U1-B3,04-U1-B1,04-U1-B2,04-U1-B3
05-U1-B1,05-U1-B2,05-U1-B3,05-U1-B1,05-U1-B2,05-U1-B3,05-U1-B1,05-U1-B2,05-U1-B3,05-U1-B1,05-U1-B2,05-U1-B3,05-U1-B1,05-U1-B2,05-U1-B3
06-U1-B1,06-U1-B2,06-U1-B3,06-U1-B1,06-U1-B2,06-U1-B3,06-U1-B1,06-U1-B2,06-U1-B3,06-U1-B1,06-U1-B2,06-U1-B3,06-U1-B1,06-U1-B2,06-U1-B3
07-U1-B1,07-U1-B2,07-U1-B3,07-U1-B1,07-U1-B2,07-U1-B3,07-U1-B1,07-U1-B2,07-U1-B3,07-U1-B1,07-U1-B2,07-U1-B3,07-U1-B1,07-U1-B2,07-U1-B3
08-U1-B1,08-U1-B2,08-U1-B3,08-U1-B1,08-U1-B2,08-U1-B3,08-U1-B1,08-U1-B2,08-U1-B3,08-U1-B1,08-U1-B2,08-U1-B3,08-U1-B1,08-U1-B2,08-U1-B3
09-U1-B1,09-U1-B2,09-U1-B3,09-U1-B1,09-U1-B2,09-U1-B3,09-U1-B1,09-U1-B2,09-U1-B3,09-U1-B1,09-U1-B2,09-U1-B3,09-U1-B1,09-U1-B2,09-U1-B3
10-U1-B1,10-U1-B2,10-U1-B3,10-U1-B1,10-U1-B2,10-U1-B3,10-U1-B1,10-U1-B2,10-U1-B3,10-U1-B1,10-U1-B2,10-U1-B3,10-U1-B1,10-U1-B2,10-U1-B3
11-U1-B1,11-U1-B2,11-U1-B3,11-U1-B1,11-U1-B2,11-U1-B3,11-U1-B1,11-U1-B2,11-U1-B3,11-U1-B1,11-U1-B2,11-U1-B3,11-U1-B1,11-U1-B2,11-U1-B3
12-U1-B1,12-U1-B2,12-U1-B3,12-U1-B1,12-U1-B2,12-U1-B3,12-U1-B1,12-U1-B2,12-U1-B3,12-U1-B1,12-U1-B2,12-U1-B3,12-U1-B1,12-U1-B2,12-U1-B3
13-U1-B1,13-U1-B2,13-U1-B3,13-U1-B1,13-U1-B2,13-U1-B3,13-U1-B1,13-U1-B2,13-U1-B3,13-U1-B1,13-U1-B2,13-U1-B3,13-U1-B1,13-U1-B2,13-U1-B3
14-U1-B1,14-U1-B2,14-U1-B3,14-U1-B1,14-U1-B2,14-U1-B3,14-U1-B1,14-U1-B2,14-U1-B3,14-U1-B1,14-U1-B2,14-U1-B3,14-U1-B1,14-U1-B2,14-U1-B3
15-U1-B1,15-U1-B2,15-U1-B3,15-U1-B1,15-U1-B2,15-U1-B3,15-U1-B1,15-U1-B2,15-U1-B3,15-U1-B1,15-U1-B2,15-U1-B3,15-U1-B1,15-U1-B2,15-U1-B3
16-U1-B1,16-U1-B2,16-U1-B3,16-U1-B1,16-U1-B2,16-U1-B3,16-U1-B1,16-U1-B2,16-U1-B3,16-U1-B1,16-U1-B2,16-U1-B3,16-U1-B1,16-U1-B2,16-U1-B3
17-U1-B1,17-U1-B2,17-U1-B3,17-U1-B1,17-U1-B2,17-U1-B3,17-U1-B1,17-U1-B2,17-U1-B3,17-U1-B1,17-U1-B2,17-U1-B3,17-U1-B1,17-U1-B2,17-U1-B3
18-U1-B1,18-U1-B2,18-U1-B3,18-U1-B1,18-U1-B2,18-U1-B3,18-U1-B1,18-U1-B2,18-U1-B3,18-U1-B1,18-U1-B2,18-U1-B3,18-U1-B1,18-U1-B2,18-U1-B3
19-U1-B1,19-U1-B2,19-U1-B3,19-U1-B1,19-U1-B2,19-U1-B3,19-U1-B1,19-U1-B2,19-U1-B3,19-U1-B1,19-U1-B2,19-U1-B3,19-U1-B1,19-U1-B2,19-U1-B3
20-U1-B1,20-U1-B2,20-U1-B3,20-U1-B1,20-U1-B2,20-U1-B3,20-U1-B1,20-U1-B2,20-U1-B3,20-U1-B1,20-U1-B2,20-U1-B3,20-U1-B1,20-U1-B2,20-U1-B3
